[
  {
    "id": 1,
    "title": "Angular Deep Dive",
    "price": 799.0,
    "publicationDate": "2024-03-15",
    "description": "A comprehensive guide to mastering Angular with best practices and patterns.",
    "discountPercent": 10
  },
  {
    "id": 2,
    "title": "RxJS in Action",
    "price": 649.5,
    "publicationDate": "2023-11-02",
    "description": "Learn reactive programming with RxJS, covering Observables, Subjects, and operators.",
    "discountPercent": 15
  },
  {
    "id": 3,
    "title": "TypeScript Essentials",
    "price": 499.0,
    "publicationDate": "2022-08-20",
    "description": "TypeScript from zero to hero: types, generics, decorators, and real-world patterns.",
    "discountPercent": 5
  }
]
